{
  "qa_accuracy": 0.35833333333333334,
  "search_mrr": 0.06666666666666667,
  "timestamp": "2026-04-04T14:11:51.722458"
}