{
  "qa_accuracy": 0.0,
  "search_mrr": 0.3333333333333333,
  "timestamp": "2026-04-04T07:31:24.424520"
}