{
  "qa_accuracy": 0.35833333333333334,
  "search_mrr": 0.8333333333333334,
  "timestamp": "2026-04-04T12:36:51.680264"
}