{
  "qa_accuracy": 0.0,
  "search_mrr": 0.17777777777777778,
  "timestamp": "2026-04-04T06:55:26.642563"
}