{
  "qa_accuracy": 0.0,
  "search_mrr": 0.08333333333333333,
  "timestamp": "2026-04-04T06:58:50.524317"
}